model_uid,model_source,model_name,weights
devtimm_adv_inception_v3,timm,adv_inception_v3,
devtimm_bat_resnext26ts_ch_in1k,timm,bat_resnext26ts,ch_in1k
devtimm_beit_base_patch16_224_in22k_ft_in22k,timm,beit_base_patch16_224,in22k_ft_in22k
devtimm_beit_base_patch16_224_in22k_ft_in22k_in1k,timm,beit_base_patch16_224,in22k_ft_in22k_in1k
devtimm_beit_base_patch16_384_in22k_ft_in22k_in1k,timm,beit_base_patch16_384,in22k_ft_in22k_in1k
devtimm_beit_large_patch16_224_in22k_ft_in22k,timm,beit_large_patch16_224,in22k_ft_in22k
devtimm_beit_large_patch16_224_in22k_ft_in22k_in1k,timm,beit_large_patch16_224,in22k_ft_in22k_in1k
devtimm_beit_large_patch16_384_in22k_ft_in22k_in1k,timm,beit_large_patch16_384,in22k_ft_in22k_in1k
devtimm_beit_large_patch16_512_in22k_ft_in22k_in1k,timm,beit_large_patch16_512,in22k_ft_in22k_in1k
devtimm_beitv2_base_patch16_224_in1k_ft_in22k,timm,beitv2_base_patch16_224,in1k_ft_in22k
devtimm_beitv2_base_patch16_224_in1k_ft_in22k_in1k,timm,beitv2_base_patch16_224,in1k_ft_in22k_in1k
devtimm_beitv2_large_patch16_224_in1k_ft_in22k,timm,beitv2_large_patch16_224,in1k_ft_in22k
devtimm_beitv2_large_patch16_224_in1k_ft_in22k_in1k,timm,beitv2_large_patch16_224,in1k_ft_in22k_in1k
devtimm_botnet26t_256,timm,botnet26t_256,
devtimm_cait_m36_384,timm,cait_m36_384,
devtimm_cait_m48_448,timm,cait_m48_448,
devtimm_cait_s24_224,timm,cait_s24_224,
devtimm_cait_s24_384,timm,cait_s24_384,
devtimm_cait_s36_384,timm,cait_s36_384,
devtimm_cait_xs24_384,timm,cait_xs24_384,
devtimm_cait_xxs24_224,timm,cait_xxs24_224,
devtimm_cait_xxs24_384,timm,cait_xxs24_384,
devtimm_cait_xxs36_224,timm,cait_xxs36_224,
devtimm_cait_xxs36_384,timm,cait_xxs36_384,
devtimm_coat_lite_mini,timm,coat_lite_mini,
devtimm_coat_lite_small,timm,coat_lite_small,
devtimm_coat_lite_tiny,timm,coat_lite_tiny,
devtimm_coat_mini,timm,coat_mini,
devtimm_coat_tiny,timm,coat_tiny,
devtimm_coatnet_0_rw_224_sw_in1k,timm,coatnet_0_rw_224,sw_in1k
devtimm_coatnet_1_rw_224_sw_in1k,timm,coatnet_1_rw_224,sw_in1k
devtimm_coatnet_2_rw_224_sw_in12k,timm,coatnet_2_rw_224,sw_in12k
devtimm_coatnet_2_rw_224_sw_in12k_ft_in1k,timm,coatnet_2_rw_224,sw_in12k_ft_in1k
devtimm_coatnet_3_rw_224_sw_in12k,timm,coatnet_3_rw_224,sw_in12k
devtimm_coatnet_bn_0_rw_224_sw_in1k,timm,coatnet_bn_0_rw_224,sw_in1k
devtimm_coatnet_nano_rw_224_sw_in1k,timm,coatnet_nano_rw_224,sw_in1k
devtimm_coatnet_rmlp_1_rw2_224_sw_in12k,timm,coatnet_rmlp_1_rw2_224,sw_in12k
devtimm_coatnet_rmlp_1_rw2_224_sw_in12k_ft_in1k,timm,coatnet_rmlp_1_rw2_224,sw_in12k_ft_in1k
devtimm_coatnet_rmlp_1_rw_224_sw_in1k,timm,coatnet_rmlp_1_rw_224,sw_in1k
devtimm_coatnet_rmlp_2_rw_224_sw_in1k,timm,coatnet_rmlp_2_rw_224,sw_in1k
devtimm_coatnet_rmlp_2_rw_224_sw_in12k,timm,coatnet_rmlp_2_rw_224,sw_in12k
devtimm_coatnet_rmlp_2_rw_224_sw_in12k_ft_in1k,timm,coatnet_rmlp_2_rw_224,sw_in12k_ft_in1k
devtimm_coatnet_rmlp_2_rw_384_sw_in12k_ft_in1k,timm,coatnet_rmlp_2_rw_384,sw_in12k_ft_in1k
devtimm_coatnet_rmlp_nano_rw_224_sw_in1k,timm,coatnet_rmlp_nano_rw_224,sw_in1k
devtimm_coatnext_nano_rw_224_sw_in1k,timm,coatnext_nano_rw_224,sw_in1k
devtimm_convit_base,timm,convit_base,
devtimm_convit_small,timm,convit_small,
devtimm_convit_tiny,timm,convit_tiny,
devtimm_convmixer_768_32,timm,convmixer_768_32,
devtimm_convmixer_1024_20_ks9_p14,timm,convmixer_1024_20_ks9_p14,
devtimm_convmixer_1536_20,timm,convmixer_1536_20,
devtimm_convnext_atto_d2_in1k,timm,convnext_atto,d2_in1k
devtimm_convnext_atto_ols_a2_in1k,timm,convnext_atto_ols,a2_in1k
devtimm_convnext_base_clip_laion2b,timm,convnext_base,clip_laion2b
devtimm_convnext_base_clip_laion2b_augreg,timm,convnext_base,clip_laion2b_augreg
devtimm_convnext_base_clip_laion2b_augreg_ft_in1k,timm,convnext_base,clip_laion2b_augreg_ft_in1k
devtimm_convnext_base_clip_laiona,timm,convnext_base,clip_laiona
devtimm_convnext_base_clip_laiona_320,timm,convnext_base,clip_laiona_320
devtimm_convnext_base_clip_laiona_augreg_320,timm,convnext_base,clip_laiona_augreg_320
devtimm_convnext_base_clip_laiona_augreg_ft_in1k_384,timm,convnext_base,clip_laiona_augreg_ft_in1k_384
devtimm_convnext_base_fb_in1k,timm,convnext_base,fb_in1k
devtimm_convnext_base_fb_in22k,timm,convnext_base,fb_in22k
devtimm_convnext_base_fb_in22k_ft_in1k,timm,convnext_base,fb_in22k_ft_in1k
devtimm_convnext_base_fb_in22k_ft_in1k_384,timm,convnext_base,fb_in22k_ft_in1k_384
devtimm_convnext_femto_d1_in1k,timm,convnext_femto,d1_in1k
devtimm_convnext_femto_ols_d1_in1k,timm,convnext_femto_ols,d1_in1k
devtimm_convnext_large_fb_in1k,timm,convnext_large,fb_in1k
devtimm_convnext_large_fb_in22k,timm,convnext_large,fb_in22k
devtimm_convnext_large_fb_in22k_ft_in1k,timm,convnext_large,fb_in22k_ft_in1k
devtimm_convnext_large_fb_in22k_ft_in1k_384,timm,convnext_large,fb_in22k_ft_in1k_384
devtimm_convnext_large_mlp_clip_laion2b_augreg,timm,convnext_large_mlp,clip_laion2b_augreg
devtimm_convnext_large_mlp_clip_laion2b_augreg_ft_in1k,timm,convnext_large_mlp,clip_laion2b_augreg_ft_in1k
devtimm_convnext_large_mlp_clip_laion2b_augreg_ft_in1k_384,timm,convnext_large_mlp,clip_laion2b_augreg_ft_in1k_384
devtimm_convnext_large_mlp_clip_laion2b_ft_320,timm,convnext_large_mlp,clip_laion2b_ft_320
devtimm_convnext_large_mlp_clip_laion2b_ft_soup_320,timm,convnext_large_mlp,clip_laion2b_ft_soup_320
devtimm_convnext_nano_d1h_in1k,timm,convnext_nano,d1h_in1k
devtimm_convnext_nano_in12k,timm,convnext_nano,in12k
devtimm_convnext_nano_in12k_ft_in1k,timm,convnext_nano,in12k_ft_in1k
devtimm_convnext_nano_ols_d1h_in1k,timm,convnext_nano_ols,d1h_in1k
devtimm_convnext_pico_d1_in1k,timm,convnext_pico,d1_in1k
devtimm_convnext_pico_ols_d1_in1k,timm,convnext_pico_ols,d1_in1k
devtimm_convnext_small_fb_in1k,timm,convnext_small,fb_in1k
devtimm_convnext_small_fb_in22k,timm,convnext_small,fb_in22k
devtimm_convnext_small_fb_in22k_ft_in1k,timm,convnext_small,fb_in22k_ft_in1k
devtimm_convnext_small_fb_in22k_ft_in1k_384,timm,convnext_small,fb_in22k_ft_in1k_384
devtimm_convnext_small_in12k,timm,convnext_small,in12k
devtimm_convnext_small_in12k_ft_in1k,timm,convnext_small,in12k_ft_in1k
devtimm_convnext_small_in12k_ft_in1k_384,timm,convnext_small,in12k_ft_in1k_384
devtimm_convnext_tiny_fb_in1k,timm,convnext_tiny,fb_in1k
devtimm_convnext_tiny_fb_in22k,timm,convnext_tiny,fb_in22k
devtimm_convnext_tiny_fb_in22k_ft_in1k,timm,convnext_tiny,fb_in22k_ft_in1k
devtimm_convnext_tiny_fb_in22k_ft_in1k_384,timm,convnext_tiny,fb_in22k_ft_in1k_384
devtimm_convnext_tiny_in12k,timm,convnext_tiny,in12k
devtimm_convnext_tiny_in12k_ft_in1k,timm,convnext_tiny,in12k_ft_in1k
devtimm_convnext_tiny_in12k_ft_in1k_384,timm,convnext_tiny,in12k_ft_in1k_384
devtimm_convnext_tiny_hnf_a2h_in1k,timm,convnext_tiny_hnf,a2h_in1k
devtimm_convnext_xlarge_fb_in22k,timm,convnext_xlarge,fb_in22k
devtimm_convnext_xlarge_fb_in22k_ft_in1k,timm,convnext_xlarge,fb_in22k_ft_in1k
devtimm_convnext_xlarge_fb_in22k_ft_in1k_384,timm,convnext_xlarge,fb_in22k_ft_in1k_384
devtimm_convnext_xxlarge_clip_laion2b_rewind,timm,convnext_xxlarge,clip_laion2b_rewind
devtimm_convnext_xxlarge_clip_laion2b_soup,timm,convnext_xxlarge,clip_laion2b_soup
devtimm_convnextv2_atto_fcmae,timm,convnextv2_atto,fcmae
devtimm_convnextv2_atto_fcmae_ft_in1k,timm,convnextv2_atto,fcmae_ft_in1k
devtimm_convnextv2_base_fcmae,timm,convnextv2_base,fcmae
devtimm_convnextv2_base_fcmae_ft_in1k,timm,convnextv2_base,fcmae_ft_in1k
devtimm_convnextv2_base_fcmae_ft_in22k_in1k,timm,convnextv2_base,fcmae_ft_in22k_in1k
devtimm_convnextv2_base_fcmae_ft_in22k_in1k_384,timm,convnextv2_base,fcmae_ft_in22k_in1k_384
devtimm_convnextv2_femto_fcmae,timm,convnextv2_femto,fcmae
devtimm_convnextv2_femto_fcmae_ft_in1k,timm,convnextv2_femto,fcmae_ft_in1k
devtimm_convnextv2_huge_fcmae,timm,convnextv2_huge,fcmae
devtimm_convnextv2_huge_fcmae_ft_in1k,timm,convnextv2_huge,fcmae_ft_in1k
devtimm_convnextv2_huge_fcmae_ft_in22k_in1k_384,timm,convnextv2_huge,fcmae_ft_in22k_in1k_384
devtimm_convnextv2_huge_fcmae_ft_in22k_in1k_512,timm,convnextv2_huge,fcmae_ft_in22k_in1k_512
devtimm_convnextv2_large_fcmae,timm,convnextv2_large,fcmae
devtimm_convnextv2_large_fcmae_ft_in1k,timm,convnextv2_large,fcmae_ft_in1k
devtimm_convnextv2_large_fcmae_ft_in22k_in1k,timm,convnextv2_large,fcmae_ft_in22k_in1k
devtimm_convnextv2_large_fcmae_ft_in22k_in1k_384,timm,convnextv2_large,fcmae_ft_in22k_in1k_384
devtimm_convnextv2_nano_fcmae,timm,convnextv2_nano,fcmae
devtimm_convnextv2_nano_fcmae_ft_in1k,timm,convnextv2_nano,fcmae_ft_in1k
devtimm_convnextv2_nano_fcmae_ft_in22k_in1k,timm,convnextv2_nano,fcmae_ft_in22k_in1k
devtimm_convnextv2_nano_fcmae_ft_in22k_in1k_384,timm,convnextv2_nano,fcmae_ft_in22k_in1k_384
devtimm_convnextv2_pico_fcmae,timm,convnextv2_pico,fcmae
devtimm_convnextv2_pico_fcmae_ft_in1k,timm,convnextv2_pico,fcmae_ft_in1k
devtimm_convnextv2_tiny_fcmae,timm,convnextv2_tiny,fcmae
devtimm_convnextv2_tiny_fcmae_ft_in1k,timm,convnextv2_tiny,fcmae_ft_in1k
devtimm_convnextv2_tiny_fcmae_ft_in22k_in1k,timm,convnextv2_tiny,fcmae_ft_in22k_in1k
devtimm_convnextv2_tiny_fcmae_ft_in22k_in1k_384,timm,convnextv2_tiny,fcmae_ft_in22k_in1k_384
devtimm_crossvit_9_240,timm,crossvit_9_240,
devtimm_crossvit_9_dagger_240,timm,crossvit_9_dagger_240,
devtimm_crossvit_15_240,timm,crossvit_15_240,
devtimm_crossvit_15_dagger_240,timm,crossvit_15_dagger_240,
devtimm_crossvit_15_dagger_408,timm,crossvit_15_dagger_408,
devtimm_crossvit_18_240,timm,crossvit_18_240,
devtimm_crossvit_18_dagger_240,timm,crossvit_18_dagger_240,
devtimm_crossvit_18_dagger_408,timm,crossvit_18_dagger_408,
devtimm_crossvit_base_240,timm,crossvit_base_240,
devtimm_crossvit_small_240,timm,crossvit_small_240,
devtimm_crossvit_tiny_240,timm,crossvit_tiny_240,
devtimm_cs3darknet_focus_l,timm,cs3darknet_focus_l,
devtimm_cs3darknet_focus_m,timm,cs3darknet_focus_m,
devtimm_cs3darknet_l,timm,cs3darknet_l,
devtimm_cs3darknet_m,timm,cs3darknet_m,
devtimm_cs3darknet_x,timm,cs3darknet_x,
devtimm_cs3edgenet_x,timm,cs3edgenet_x,
devtimm_cs3se_edgenet_x,timm,cs3se_edgenet_x,
devtimm_cs3sedarknet_l,timm,cs3sedarknet_l,
devtimm_cs3sedarknet_x,timm,cs3sedarknet_x,
devtimm_cspdarknet53,timm,cspdarknet53,
devtimm_cspresnet50,timm,cspresnet50,
devtimm_cspresnext50,timm,cspresnext50,
devtimm_darknet53,timm,darknet53,
devtimm_darknetaa53,timm,darknetaa53,
devtimm_davit_base_msft_in1k,timm,davit_base,msft_in1k
devtimm_davit_small_msft_in1k,timm,davit_small,msft_in1k
devtimm_davit_tiny_msft_in1k,timm,davit_tiny,msft_in1k
devtimm_deit3_base_patch16_224_fb_in1k,timm,deit3_base_patch16_224,fb_in1k
devtimm_deit3_base_patch16_224_fb_in22k_ft_in1k,timm,deit3_base_patch16_224,fb_in22k_ft_in1k
devtimm_deit3_base_patch16_384_fb_in1k,timm,deit3_base_patch16_384,fb_in1k
devtimm_deit3_base_patch16_384_fb_in22k_ft_in1k,timm,deit3_base_patch16_384,fb_in22k_ft_in1k
devtimm_deit3_huge_patch14_224_fb_in1k,timm,deit3_huge_patch14_224,fb_in1k
devtimm_deit3_huge_patch14_224_fb_in22k_ft_in1k,timm,deit3_huge_patch14_224,fb_in22k_ft_in1k
devtimm_deit3_large_patch16_224_fb_in1k,timm,deit3_large_patch16_224,fb_in1k
devtimm_deit3_large_patch16_224_fb_in22k_ft_in1k,timm,deit3_large_patch16_224,fb_in22k_ft_in1k
devtimm_deit3_large_patch16_384_fb_in1k,timm,deit3_large_patch16_384,fb_in1k
devtimm_deit3_large_patch16_384_fb_in22k_ft_in1k,timm,deit3_large_patch16_384,fb_in22k_ft_in1k
devtimm_deit3_medium_patch16_224_fb_in1k,timm,deit3_medium_patch16_224,fb_in1k
devtimm_deit3_medium_patch16_224_fb_in22k_ft_in1k,timm,deit3_medium_patch16_224,fb_in22k_ft_in1k
devtimm_deit3_small_patch16_224_fb_in1k,timm,deit3_small_patch16_224,fb_in1k
devtimm_deit3_small_patch16_224_fb_in22k_ft_in1k,timm,deit3_small_patch16_224,fb_in22k_ft_in1k
devtimm_deit3_small_patch16_384_fb_in1k,timm,deit3_small_patch16_384,fb_in1k
devtimm_deit3_small_patch16_384_fb_in22k_ft_in1k,timm,deit3_small_patch16_384,fb_in22k_ft_in1k
devtimm_deit_base_distilled_patch16_224_fb_in1k,timm,deit_base_distilled_patch16_224,fb_in1k
devtimm_deit_base_distilled_patch16_384_fb_in1k,timm,deit_base_distilled_patch16_384,fb_in1k
devtimm_deit_base_patch16_224_fb_in1k,timm,deit_base_patch16_224,fb_in1k
devtimm_deit_base_patch16_384_fb_in1k,timm,deit_base_patch16_384,fb_in1k
devtimm_deit_small_distilled_patch16_224_fb_in1k,timm,deit_small_distilled_patch16_224,fb_in1k
devtimm_deit_small_patch16_224_fb_in1k,timm,deit_small_patch16_224,fb_in1k
devtimm_deit_tiny_distilled_patch16_224_fb_in1k,timm,deit_tiny_distilled_patch16_224,fb_in1k
devtimm_deit_tiny_patch16_224_fb_in1k,timm,deit_tiny_patch16_224,fb_in1k
devtimm_densenet121,timm,densenet121,
devtimm_densenet161,timm,densenet161,
devtimm_densenet169,timm,densenet169,
devtimm_densenet201,timm,densenet201,
devtimm_densenetblur121d,timm,densenetblur121d,
devtimm_dla34,timm,dla34,
devtimm_dla46_c,timm,dla46_c,
devtimm_dla46x_c,timm,dla46x_c,
devtimm_dla60,timm,dla60,
devtimm_dla60_res2net,timm,dla60_res2net,
devtimm_dla60_res2next,timm,dla60_res2next,
devtimm_dla60x,timm,dla60x,
devtimm_dla60x_c,timm,dla60x_c,
devtimm_dla102,timm,dla102,
devtimm_dla102x,timm,dla102x,
devtimm_dla102x2,timm,dla102x2,
devtimm_dla169,timm,dla169,
devtimm_dm_nfnet_f0_dm_in1k,timm,dm_nfnet_f0,dm_in1k
devtimm_dm_nfnet_f1_dm_in1k,timm,dm_nfnet_f1,dm_in1k
devtimm_dm_nfnet_f2_dm_in1k,timm,dm_nfnet_f2,dm_in1k
devtimm_dm_nfnet_f3_dm_in1k,timm,dm_nfnet_f3,dm_in1k
devtimm_dm_nfnet_f4_dm_in1k,timm,dm_nfnet_f4,dm_in1k
devtimm_dm_nfnet_f5_dm_in1k,timm,dm_nfnet_f5,dm_in1k
devtimm_dm_nfnet_f6_dm_in1k,timm,dm_nfnet_f6,dm_in1k
devtimm_dpn68,timm,dpn68,
devtimm_dpn68b,timm,dpn68b,
devtimm_dpn92,timm,dpn92,
devtimm_dpn98,timm,dpn98,
devtimm_dpn107,timm,dpn107,
devtimm_dpn131,timm,dpn131,
devtimm_eca_botnext26ts_256,timm,eca_botnext26ts_256,
devtimm_eca_halonext26ts,timm,eca_halonext26ts,
devtimm_eca_nfnet_l0_ra2_in1k,timm,eca_nfnet_l0,ra2_in1k
devtimm_eca_nfnet_l1_ra2_in1k,timm,eca_nfnet_l1,ra2_in1k
devtimm_eca_nfnet_l2_ra3_in1k,timm,eca_nfnet_l2,ra3_in1k
devtimm_eca_resnet33ts_ra2_in1k,timm,eca_resnet33ts,ra2_in1k
devtimm_eca_resnext26ts_ch_in1k,timm,eca_resnext26ts,ch_in1k
devtimm_ecaresnet26t,timm,ecaresnet26t,
devtimm_ecaresnet50d,timm,ecaresnet50d,
devtimm_ecaresnet50d_pruned,timm,ecaresnet50d_pruned,
devtimm_ecaresnet50t,timm,ecaresnet50t,
devtimm_ecaresnet101d,timm,ecaresnet101d,
devtimm_ecaresnet101d_pruned,timm,ecaresnet101d_pruned,
devtimm_ecaresnet269d,timm,ecaresnet269d,
devtimm_ecaresnetlight,timm,ecaresnetlight,
devtimm_edgenext_base,timm,edgenext_base,
devtimm_edgenext_small,timm,edgenext_small,
devtimm_edgenext_small_rw,timm,edgenext_small_rw,
devtimm_edgenext_x_small,timm,edgenext_x_small,
devtimm_edgenext_xx_small,timm,edgenext_xx_small,
devtimm_efficientformer_l1_snap_dist_in1k,timm,efficientformer_l1,snap_dist_in1k
devtimm_efficientformer_l3_snap_dist_in1k,timm,efficientformer_l3,snap_dist_in1k
devtimm_efficientformer_l7_snap_dist_in1k,timm,efficientformer_l7,snap_dist_in1k
devtimm_efficientformerv2_l_snap_dist_in1k,timm,efficientformerv2_l,snap_dist_in1k
devtimm_efficientformerv2_s0_snap_dist_in1k,timm,efficientformerv2_s0,snap_dist_in1k
devtimm_efficientformerv2_s1_snap_dist_in1k,timm,efficientformerv2_s1,snap_dist_in1k
devtimm_efficientformerv2_s2_snap_dist_in1k,timm,efficientformerv2_s2,snap_dist_in1k
devtimm_efficientnet_b0_ra_in1k,timm,efficientnet_b0,ra_in1k
devtimm_efficientnet_b1_ft_in1k,timm,efficientnet_b1,ft_in1k
devtimm_efficientnet_b1_pruned_in1k,timm,efficientnet_b1_pruned,in1k
devtimm_efficientnet_b2_ra_in1k,timm,efficientnet_b2,ra_in1k
devtimm_efficientnet_b2_pruned_in1k,timm,efficientnet_b2_pruned,in1k
devtimm_efficientnet_b3_ra2_in1k,timm,efficientnet_b3,ra2_in1k
devtimm_efficientnet_b3_pruned_in1k,timm,efficientnet_b3_pruned,in1k
devtimm_efficientnet_b4_ra2_in1k,timm,efficientnet_b4,ra2_in1k
devtimm_efficientnet_b5_in12k,timm,efficientnet_b5,in12k
devtimm_efficientnet_b5_in12k_ft_in1k,timm,efficientnet_b5,in12k_ft_in1k
devtimm_efficientnet_el_ra_in1k,timm,efficientnet_el,ra_in1k
devtimm_efficientnet_el_pruned_in1k,timm,efficientnet_el_pruned,in1k
devtimm_efficientnet_em_ra2_in1k,timm,efficientnet_em,ra2_in1k
devtimm_efficientnet_es_ra_in1k,timm,efficientnet_es,ra_in1k
devtimm_efficientnet_es_pruned_in1k,timm,efficientnet_es_pruned,in1k
devtimm_efficientnet_lite0_ra_in1k,timm,efficientnet_lite0,ra_in1k
devtimm_efficientnetv2_rw_m_agc_in1k,timm,efficientnetv2_rw_m,agc_in1k
devtimm_efficientnetv2_rw_s_ra2_in1k,timm,efficientnetv2_rw_s,ra2_in1k
devtimm_efficientnetv2_rw_t_ra2_in1k,timm,efficientnetv2_rw_t,ra2_in1k
devtimm_ens_adv_inception_resnet_v2,timm,ens_adv_inception_resnet_v2,
devtimm_ese_vovnet19b_dw,timm,ese_vovnet19b_dw,
devtimm_ese_vovnet39b,timm,ese_vovnet39b,
devtimm_eva_giant_patch14_224_clip_ft_in1k,timm,eva_giant_patch14_224,clip_ft_in1k
devtimm_eva_giant_patch14_336_clip_ft_in1k,timm,eva_giant_patch14_336,clip_ft_in1k
devtimm_eva_giant_patch14_336_m30m_ft_in22k_in1k,timm,eva_giant_patch14_336,m30m_ft_in22k_in1k
devtimm_eva_giant_patch14_560_m30m_ft_in22k_in1k,timm,eva_giant_patch14_560,m30m_ft_in22k_in1k
devtimm_eva_large_patch14_196_in22k_ft_in1k,timm,eva_large_patch14_196,in22k_ft_in1k
devtimm_eva_large_patch14_196_in22k_ft_in22k_in1k,timm,eva_large_patch14_196,in22k_ft_in22k_in1k
devtimm_eva_large_patch14_336_in22k_ft_in1k,timm,eva_large_patch14_336,in22k_ft_in1k
devtimm_eva_large_patch14_336_in22k_ft_in22k_in1k,timm,eva_large_patch14_336,in22k_ft_in22k_in1k
devtimm_fbnetc_100_rmsp_in1k,timm,fbnetc_100,rmsp_in1k
devtimm_fbnetv3_b_ra2_in1k,timm,fbnetv3_b,ra2_in1k
devtimm_fbnetv3_d_ra2_in1k,timm,fbnetv3_d,ra2_in1k
devtimm_fbnetv3_g_ra2_in1k,timm,fbnetv3_g,ra2_in1k
devtimm_flexivit_base_300ep_in1k,timm,flexivit_base,300ep_in1k
devtimm_flexivit_base_300ep_in21k,timm,flexivit_base,300ep_in21k
devtimm_flexivit_base_600ep_in1k,timm,flexivit_base,600ep_in1k
devtimm_flexivit_base_1000ep_in21k,timm,flexivit_base,1000ep_in21k
devtimm_flexivit_base_1200ep_in1k,timm,flexivit_base,1200ep_in1k
devtimm_flexivit_base_patch16_in21k,timm,flexivit_base,patch16_in21k
devtimm_flexivit_base_patch30_in21k,timm,flexivit_base,patch30_in21k
devtimm_flexivit_large_300ep_in1k,timm,flexivit_large,300ep_in1k
devtimm_flexivit_large_600ep_in1k,timm,flexivit_large,600ep_in1k
devtimm_flexivit_large_1200ep_in1k,timm,flexivit_large,1200ep_in1k
devtimm_flexivit_small_300ep_in1k,timm,flexivit_small,300ep_in1k
devtimm_flexivit_small_600ep_in1k,timm,flexivit_small,600ep_in1k
devtimm_flexivit_small_1200ep_in1k,timm,flexivit_small,1200ep_in1k
devtimm_focalnet_base_lrf_ms_in1k,timm,focalnet_base_lrf,ms_in1k
devtimm_focalnet_base_srf_ms_in1k,timm,focalnet_base_srf,ms_in1k
devtimm_focalnet_huge_fl3_ms_in22k,timm,focalnet_huge_fl3,ms_in22k
devtimm_focalnet_huge_fl4_ms_in22k,timm,focalnet_huge_fl4,ms_in22k
devtimm_focalnet_large_fl3_ms_in22k,timm,focalnet_large_fl3,ms_in22k
devtimm_focalnet_large_fl4_ms_in22k,timm,focalnet_large_fl4,ms_in22k
devtimm_focalnet_small_lrf_ms_in1k,timm,focalnet_small_lrf,ms_in1k
devtimm_focalnet_small_srf_ms_in1k,timm,focalnet_small_srf,ms_in1k
devtimm_focalnet_tiny_lrf_ms_in1k,timm,focalnet_tiny_lrf,ms_in1k
devtimm_focalnet_tiny_srf_ms_in1k,timm,focalnet_tiny_srf,ms_in1k
devtimm_focalnet_xlarge_fl3_ms_in22k,timm,focalnet_xlarge_fl3,ms_in22k
devtimm_focalnet_xlarge_fl4_ms_in22k,timm,focalnet_xlarge_fl4,ms_in22k
devtimm_gc_efficientnetv2_rw_t_agc_in1k,timm,gc_efficientnetv2_rw_t,agc_in1k
devtimm_gcresnet33ts_ra2_in1k,timm,gcresnet33ts,ra2_in1k
devtimm_gcresnet50t_ra2_in1k,timm,gcresnet50t,ra2_in1k
devtimm_gcresnext26ts_ch_in1k,timm,gcresnext26ts,ch_in1k
devtimm_gcresnext50ts_ch_in1k,timm,gcresnext50ts,ch_in1k
devtimm_gcvit_base,timm,gcvit_base,
devtimm_gcvit_small,timm,gcvit_small,
devtimm_gcvit_tiny,timm,gcvit_tiny,
devtimm_gcvit_xtiny,timm,gcvit_xtiny,
devtimm_gcvit_xxtiny,timm,gcvit_xxtiny,
devtimm_gernet_l_idstcv_in1k,timm,gernet_l,idstcv_in1k
devtimm_gernet_m_idstcv_in1k,timm,gernet_m,idstcv_in1k
devtimm_gernet_s_idstcv_in1k,timm,gernet_s,idstcv_in1k
devtimm_ghostnet_100,timm,ghostnet_100,
devtimm_gluon_inception_v3,timm,gluon_inception_v3,
devtimm_gluon_resnet18_v1b,timm,gluon_resnet18_v1b,
devtimm_gluon_resnet34_v1b,timm,gluon_resnet34_v1b,
devtimm_gluon_resnet50_v1b,timm,gluon_resnet50_v1b,
devtimm_gluon_resnet50_v1c,timm,gluon_resnet50_v1c,
devtimm_gluon_resnet50_v1d,timm,gluon_resnet50_v1d,
devtimm_gluon_resnet50_v1s,timm,gluon_resnet50_v1s,
devtimm_gluon_resnet101_v1b,timm,gluon_resnet101_v1b,
devtimm_gluon_resnet101_v1c,timm,gluon_resnet101_v1c,
devtimm_gluon_resnet101_v1d,timm,gluon_resnet101_v1d,
devtimm_gluon_resnet101_v1s,timm,gluon_resnet101_v1s,
devtimm_gluon_resnet152_v1b,timm,gluon_resnet152_v1b,
devtimm_gluon_resnet152_v1c,timm,gluon_resnet152_v1c,
devtimm_gluon_resnet152_v1d,timm,gluon_resnet152_v1d,
devtimm_gluon_resnet152_v1s,timm,gluon_resnet152_v1s,
devtimm_gluon_resnext50_32x4d,timm,gluon_resnext50_32x4d,
devtimm_gluon_resnext101_32x4d,timm,gluon_resnext101_32x4d,
devtimm_gluon_resnext101_64x4d,timm,gluon_resnext101_64x4d,
devtimm_gluon_senet154,timm,gluon_senet154,
devtimm_gluon_seresnext50_32x4d,timm,gluon_seresnext50_32x4d,
devtimm_gluon_seresnext101_32x4d,timm,gluon_seresnext101_32x4d,
devtimm_gluon_seresnext101_64x4d,timm,gluon_seresnext101_64x4d,
devtimm_gluon_xception65,timm,gluon_xception65,
devtimm_gmixer_24_224_ra3_in1k,timm,gmixer_24_224,ra3_in1k
devtimm_gmlp_s16_224_ra3_in1k,timm,gmlp_s16_224,ra3_in1k
devtimm_halo2botnet50ts_256,timm,halo2botnet50ts_256,
devtimm_halonet26t,timm,halonet26t,
devtimm_halonet50ts,timm,halonet50ts,
devtimm_haloregnetz_b,timm,haloregnetz_b,
devtimm_hardcorenas_a,timm,hardcorenas_a,
devtimm_hardcorenas_b,timm,hardcorenas_b,
devtimm_hardcorenas_c,timm,hardcorenas_c,
devtimm_hardcorenas_d,timm,hardcorenas_d,
devtimm_hardcorenas_e,timm,hardcorenas_e,
devtimm_hardcorenas_f,timm,hardcorenas_f,
devtimm_hrnet_w18,timm,hrnet_w18,
devtimm_hrnet_w18_small,timm,hrnet_w18_small,
devtimm_hrnet_w18_small_v2,timm,hrnet_w18_small_v2,
devtimm_hrnet_w30,timm,hrnet_w30,
devtimm_hrnet_w32,timm,hrnet_w32,
devtimm_hrnet_w40,timm,hrnet_w40,
devtimm_hrnet_w44,timm,hrnet_w44,
devtimm_hrnet_w48,timm,hrnet_w48,
devtimm_hrnet_w64,timm,hrnet_w64,
devtimm_ig_resnext101_32x8d,timm,ig_resnext101_32x8d,
devtimm_ig_resnext101_32x16d,timm,ig_resnext101_32x16d,
devtimm_ig_resnext101_32x32d,timm,ig_resnext101_32x32d,
devtimm_ig_resnext101_32x48d,timm,ig_resnext101_32x48d,
devtimm_inception_resnet_v2,timm,inception_resnet_v2,
devtimm_inception_v3,timm,inception_v3,
devtimm_inception_v4,timm,inception_v4,
devtimm_jx_nest_base,timm,jx_nest_base,
devtimm_jx_nest_small,timm,jx_nest_small,
devtimm_jx_nest_tiny,timm,jx_nest_tiny,
devtimm_lambda_resnet26rpt_256,timm,lambda_resnet26rpt_256,
devtimm_lambda_resnet26t,timm,lambda_resnet26t,
devtimm_lambda_resnet50ts,timm,lambda_resnet50ts,
devtimm_lamhalobotnet50ts_256,timm,lamhalobotnet50ts_256,
devtimm_lcnet_050_ra2_in1k,timm,lcnet_050,ra2_in1k
devtimm_lcnet_075_ra2_in1k,timm,lcnet_075,ra2_in1k
devtimm_lcnet_100_ra2_in1k,timm,lcnet_100,ra2_in1k
devtimm_legacy_senet154,timm,legacy_senet154,
devtimm_legacy_seresnet18,timm,legacy_seresnet18,
devtimm_legacy_seresnet34,timm,legacy_seresnet34,
devtimm_legacy_seresnet50,timm,legacy_seresnet50,
devtimm_legacy_seresnet101,timm,legacy_seresnet101,
devtimm_legacy_seresnet152,timm,legacy_seresnet152,
devtimm_legacy_seresnext26_32x4d,timm,legacy_seresnext26_32x4d,
devtimm_legacy_seresnext50_32x4d,timm,legacy_seresnext50_32x4d,
devtimm_legacy_seresnext101_32x4d,timm,legacy_seresnext101_32x4d,
devtimm_levit_128_fb_dist_in1k,timm,levit_128,fb_dist_in1k
devtimm_levit_128s_fb_dist_in1k,timm,levit_128s,fb_dist_in1k
devtimm_levit_192_fb_dist_in1k,timm,levit_192,fb_dist_in1k
devtimm_levit_256_fb_dist_in1k,timm,levit_256,fb_dist_in1k
devtimm_levit_384_fb_dist_in1k,timm,levit_384,fb_dist_in1k
devtimm_levit_conv_128_fb_dist_in1k,timm,levit_conv_128,fb_dist_in1k
devtimm_levit_conv_128s_fb_dist_in1k,timm,levit_conv_128s,fb_dist_in1k
devtimm_levit_conv_192_fb_dist_in1k,timm,levit_conv_192,fb_dist_in1k
devtimm_levit_conv_256_fb_dist_in1k,timm,levit_conv_256,fb_dist_in1k
devtimm_levit_conv_384_fb_dist_in1k,timm,levit_conv_384,fb_dist_in1k
devtimm_maxvit_base_tf_224_in1k,timm,maxvit_base_tf_224,in1k
devtimm_maxvit_base_tf_384_in1k,timm,maxvit_base_tf_384,in1k
devtimm_maxvit_base_tf_384_in21k_ft_in1k,timm,maxvit_base_tf_384,in21k_ft_in1k
devtimm_maxvit_base_tf_512_in1k,timm,maxvit_base_tf_512,in1k
devtimm_maxvit_base_tf_512_in21k_ft_in1k,timm,maxvit_base_tf_512,in21k_ft_in1k
devtimm_maxvit_large_tf_224_in1k,timm,maxvit_large_tf_224,in1k
devtimm_maxvit_large_tf_384_in1k,timm,maxvit_large_tf_384,in1k
devtimm_maxvit_large_tf_384_in21k_ft_in1k,timm,maxvit_large_tf_384,in21k_ft_in1k
devtimm_maxvit_large_tf_512_in1k,timm,maxvit_large_tf_512,in1k
devtimm_maxvit_large_tf_512_in21k_ft_in1k,timm,maxvit_large_tf_512,in21k_ft_in1k
devtimm_maxvit_nano_rw_256_sw_in1k,timm,maxvit_nano_rw_256,sw_in1k
devtimm_maxvit_rmlp_base_rw_224_sw_in12k,timm,maxvit_rmlp_base_rw_224,sw_in12k
devtimm_maxvit_rmlp_base_rw_224_sw_in12k_ft_in1k,timm,maxvit_rmlp_base_rw_224,sw_in12k_ft_in1k
devtimm_maxvit_rmlp_base_rw_384_sw_in12k_ft_in1k,timm,maxvit_rmlp_base_rw_384,sw_in12k_ft_in1k
devtimm_maxvit_rmlp_nano_rw_256_sw_in1k,timm,maxvit_rmlp_nano_rw_256,sw_in1k
devtimm_maxvit_rmlp_pico_rw_256_sw_in1k,timm,maxvit_rmlp_pico_rw_256,sw_in1k
devtimm_maxvit_rmlp_small_rw_224_sw_in1k,timm,maxvit_rmlp_small_rw_224,sw_in1k
devtimm_maxvit_rmlp_tiny_rw_256_sw_in1k,timm,maxvit_rmlp_tiny_rw_256,sw_in1k
devtimm_maxvit_small_tf_224_in1k,timm,maxvit_small_tf_224,in1k
devtimm_maxvit_small_tf_384_in1k,timm,maxvit_small_tf_384,in1k
devtimm_maxvit_small_tf_512_in1k,timm,maxvit_small_tf_512,in1k
devtimm_maxvit_tiny_rw_224_sw_in1k,timm,maxvit_tiny_rw_224,sw_in1k
devtimm_maxvit_tiny_tf_224_in1k,timm,maxvit_tiny_tf_224,in1k
devtimm_maxvit_tiny_tf_384_in1k,timm,maxvit_tiny_tf_384,in1k
devtimm_maxvit_tiny_tf_512_in1k,timm,maxvit_tiny_tf_512,in1k
devtimm_maxvit_xlarge_tf_384_in21k_ft_in1k,timm,maxvit_xlarge_tf_384,in21k_ft_in1k
devtimm_maxvit_xlarge_tf_512_in21k_ft_in1k,timm,maxvit_xlarge_tf_512,in21k_ft_in1k
devtimm_maxxvit_rmlp_nano_rw_256_sw_in1k,timm,maxxvit_rmlp_nano_rw_256,sw_in1k
devtimm_maxxvit_rmlp_small_rw_256_sw_in1k,timm,maxxvit_rmlp_small_rw_256,sw_in1k
devtimm_maxxvitv2_nano_rw_256_sw_in1k,timm,maxxvitv2_nano_rw_256,sw_in1k
devtimm_maxxvitv2_rmlp_base_rw_224_sw_in12k,timm,maxxvitv2_rmlp_base_rw_224,sw_in12k
devtimm_maxxvitv2_rmlp_base_rw_224_sw_in12k_ft_in1k,timm,maxxvitv2_rmlp_base_rw_224,sw_in12k_ft_in1k
devtimm_maxxvitv2_rmlp_base_rw_384_sw_in12k_ft_in1k,timm,maxxvitv2_rmlp_base_rw_384,sw_in12k_ft_in1k
devtimm_mixer_b16_224_goog_in21k,timm,mixer_b16_224,goog_in21k
devtimm_mixer_b16_224_goog_in21k_ft_in1k,timm,mixer_b16_224,goog_in21k_ft_in1k
devtimm_mixer_b16_224_miil_in21k,timm,mixer_b16_224,miil_in21k
devtimm_mixer_b16_224_miil_in21k_ft_in1k,timm,mixer_b16_224,miil_in21k_ft_in1k
devtimm_mixer_l16_224_goog_in21k,timm,mixer_l16_224,goog_in21k
devtimm_mixer_l16_224_goog_in21k_ft_in1k,timm,mixer_l16_224,goog_in21k_ft_in1k
devtimm_mixnet_l_ft_in1k,timm,mixnet_l,ft_in1k
devtimm_mixnet_m_ft_in1k,timm,mixnet_m,ft_in1k
devtimm_mixnet_s_ft_in1k,timm,mixnet_s,ft_in1k
devtimm_mixnet_xl_ra_in1k,timm,mixnet_xl,ra_in1k
devtimm_mnasnet_100_rmsp_in1k,timm,mnasnet_100,rmsp_in1k
devtimm_mnasnet_small_lamb_in1k,timm,mnasnet_small,lamb_in1k
devtimm_mobilenetv2_050_lamb_in1k,timm,mobilenetv2_050,lamb_in1k
devtimm_mobilenetv2_100_ra_in1k,timm,mobilenetv2_100,ra_in1k
devtimm_mobilenetv2_110d_ra_in1k,timm,mobilenetv2_110d,ra_in1k
devtimm_mobilenetv2_120d_ra_in1k,timm,mobilenetv2_120d,ra_in1k
devtimm_mobilenetv2_140_ra_in1k,timm,mobilenetv2_140,ra_in1k
devtimm_mobilenetv3_large_100_miil_in21k,timm,mobilenetv3_large_100,miil_in21k
devtimm_mobilenetv3_large_100_miil_in21k_ft_in1k,timm,mobilenetv3_large_100,miil_in21k_ft_in1k
devtimm_mobilenetv3_large_100_ra_in1k,timm,mobilenetv3_large_100,ra_in1k
devtimm_mobilenetv3_rw_rmsp_in1k,timm,mobilenetv3_rw,rmsp_in1k
devtimm_mobilenetv3_small_050_lamb_in1k,timm,mobilenetv3_small_050,lamb_in1k
devtimm_mobilenetv3_small_075_lamb_in1k,timm,mobilenetv3_small_075,lamb_in1k
devtimm_mobilenetv3_small_100_lamb_in1k,timm,mobilenetv3_small_100,lamb_in1k
devtimm_mobilevit_s,timm,mobilevit_s,
devtimm_mobilevit_xs,timm,mobilevit_xs,
devtimm_mobilevit_xxs,timm,mobilevit_xxs,
devtimm_mobilevitv2_050,timm,mobilevitv2_050,
devtimm_mobilevitv2_075,timm,mobilevitv2_075,
devtimm_mobilevitv2_100,timm,mobilevitv2_100,
devtimm_mobilevitv2_125,timm,mobilevitv2_125,
devtimm_mobilevitv2_150,timm,mobilevitv2_150,
devtimm_mobilevitv2_150_384_in22ft1k,timm,mobilevitv2_150_384_in22ft1k,
devtimm_mobilevitv2_150_in22ft1k,timm,mobilevitv2_150_in22ft1k,
devtimm_mobilevitv2_175,timm,mobilevitv2_175,
devtimm_mobilevitv2_175_384_in22ft1k,timm,mobilevitv2_175_384_in22ft1k,
devtimm_mobilevitv2_175_in22ft1k,timm,mobilevitv2_175_in22ft1k,
devtimm_mobilevitv2_200,timm,mobilevitv2_200,
devtimm_mobilevitv2_200_384_in22ft1k,timm,mobilevitv2_200_384_in22ft1k,
devtimm_mobilevitv2_200_in22ft1k,timm,mobilevitv2_200_in22ft1k,
devtimm_mvitv2_base,timm,mvitv2_base,
devtimm_mvitv2_large,timm,mvitv2_large,
devtimm_mvitv2_small,timm,mvitv2_small,
devtimm_mvitv2_tiny,timm,mvitv2_tiny,
devtimm_nasnetalarge,timm,nasnetalarge,
devtimm_nf_regnet_b1_ra2_in1k,timm,nf_regnet_b1,ra2_in1k
devtimm_nf_resnet50_ra2_in1k,timm,nf_resnet50,ra2_in1k
devtimm_nfnet_l0_ra2_in1k,timm,nfnet_l0,ra2_in1k
devtimm_pit_b_224,timm,pit_b_224,
devtimm_pit_b_distilled_224,timm,pit_b_distilled_224,
devtimm_pit_s_224,timm,pit_s_224,
devtimm_pit_s_distilled_224,timm,pit_s_distilled_224,
devtimm_pit_ti_224,timm,pit_ti_224,
devtimm_pit_ti_distilled_224,timm,pit_ti_distilled_224,
devtimm_pit_xs_224,timm,pit_xs_224,
devtimm_pit_xs_distilled_224,timm,pit_xs_distilled_224,
devtimm_pnasnet5large,timm,pnasnet5large,
devtimm_poolformer_m36,timm,poolformer_m36,
devtimm_poolformer_m48,timm,poolformer_m48,
devtimm_poolformer_s12,timm,poolformer_s12,
devtimm_poolformer_s24,timm,poolformer_s24,
devtimm_poolformer_s36,timm,poolformer_s36,
devtimm_pvt_v2_b0,timm,pvt_v2_b0,
devtimm_pvt_v2_b1,timm,pvt_v2_b1,
devtimm_pvt_v2_b2,timm,pvt_v2_b2,
devtimm_pvt_v2_b2_li,timm,pvt_v2_b2_li,
devtimm_pvt_v2_b3,timm,pvt_v2_b3,
devtimm_pvt_v2_b4,timm,pvt_v2_b4,
devtimm_pvt_v2_b5,timm,pvt_v2_b5,
devtimm_regnetv_040_ra3_in1k,timm,regnetv_040,ra3_in1k
devtimm_regnetv_064_ra3_in1k,timm,regnetv_064,ra3_in1k
devtimm_regnetx_002_pycls_in1k,timm,regnetx_002,pycls_in1k
devtimm_regnetx_004_pycls_in1k,timm,regnetx_004,pycls_in1k
devtimm_regnetx_004_tv_tv2_in1k,timm,regnetx_004_tv,tv2_in1k
devtimm_regnetx_006_pycls_in1k,timm,regnetx_006,pycls_in1k
devtimm_regnetx_008_pycls_in1k,timm,regnetx_008,pycls_in1k
devtimm_regnetx_008_tv2_in1k,timm,regnetx_008,tv2_in1k
devtimm_regnetx_016_pycls_in1k,timm,regnetx_016,pycls_in1k
devtimm_regnetx_016_tv2_in1k,timm,regnetx_016,tv2_in1k
devtimm_regnetx_032_pycls_in1k,timm,regnetx_032,pycls_in1k
devtimm_regnetx_032_tv2_in1k,timm,regnetx_032,tv2_in1k
devtimm_regnetx_040_pycls_in1k,timm,regnetx_040,pycls_in1k
devtimm_regnetx_064_pycls_in1k,timm,regnetx_064,pycls_in1k
devtimm_regnetx_080_pycls_in1k,timm,regnetx_080,pycls_in1k
devtimm_regnetx_080_tv2_in1k,timm,regnetx_080,tv2_in1k
devtimm_regnetx_120_pycls_in1k,timm,regnetx_120,pycls_in1k
devtimm_regnetx_160_pycls_in1k,timm,regnetx_160,pycls_in1k
devtimm_regnetx_160_tv2_in1k,timm,regnetx_160,tv2_in1k
devtimm_regnetx_320_pycls_in1k,timm,regnetx_320,pycls_in1k
devtimm_regnetx_320_tv2_in1k,timm,regnetx_320,tv2_in1k
devtimm_regnety_002_pycls_in1k,timm,regnety_002,pycls_in1k
devtimm_regnety_004_pycls_in1k,timm,regnety_004,pycls_in1k
devtimm_regnety_004_tv2_in1k,timm,regnety_004,tv2_in1k
devtimm_regnety_006_pycls_in1k,timm,regnety_006,pycls_in1k
devtimm_regnety_008_pycls_in1k,timm,regnety_008,pycls_in1k
devtimm_regnety_008_tv_tv2_in1k,timm,regnety_008_tv,tv2_in1k
devtimm_regnety_016_pycls_in1k,timm,regnety_016,pycls_in1k
devtimm_regnety_016_tv2_in1k,timm,regnety_016,tv2_in1k
devtimm_regnety_032_pycls_in1k,timm,regnety_032,pycls_in1k
devtimm_regnety_032_ra_in1k,timm,regnety_032,ra_in1k
devtimm_regnety_032_tv2_in1k,timm,regnety_032,tv2_in1k
devtimm_regnety_040_pycls_in1k,timm,regnety_040,pycls_in1k
devtimm_regnety_040_ra3_in1k,timm,regnety_040,ra3_in1k
devtimm_regnety_064_pycls_in1k,timm,regnety_064,pycls_in1k
devtimm_regnety_064_ra3_in1k,timm,regnety_064,ra3_in1k
devtimm_regnety_080_pycls_in1k,timm,regnety_080,pycls_in1k
devtimm_regnety_080_ra3_in1k,timm,regnety_080,ra3_in1k
devtimm_regnety_080_tv_tv2_in1k,timm,regnety_080_tv,tv2_in1k
devtimm_regnety_120_pycls_in1k,timm,regnety_120,pycls_in1k
devtimm_regnety_120_sw_in12k,timm,regnety_120,sw_in12k
devtimm_regnety_120_sw_in12k_ft_in1k,timm,regnety_120,sw_in12k_ft_in1k
devtimm_regnety_160_deit_in1k,timm,regnety_160,deit_in1k
devtimm_regnety_160_lion_in12k_ft_in1k,timm,regnety_160,lion_in12k_ft_in1k
devtimm_regnety_160_pycls_in1k,timm,regnety_160,pycls_in1k
devtimm_regnety_160_sw_in12k,timm,regnety_160,sw_in12k
devtimm_regnety_160_sw_in12k_ft_in1k,timm,regnety_160,sw_in12k_ft_in1k
devtimm_regnety_160_swag_ft_in1k,timm,regnety_160,swag_ft_in1k
devtimm_regnety_160_swag_lc_in1k,timm,regnety_160,swag_lc_in1k
devtimm_regnety_160_tv2_in1k,timm,regnety_160,tv2_in1k
devtimm_regnety_320_pycls_in1k,timm,regnety_320,pycls_in1k
devtimm_regnety_320_seer,timm,regnety_320,seer
devtimm_regnety_320_seer_ft_in1k,timm,regnety_320,seer_ft_in1k
devtimm_regnety_320_swag_ft_in1k,timm,regnety_320,swag_ft_in1k
devtimm_regnety_320_swag_lc_in1k,timm,regnety_320,swag_lc_in1k
devtimm_regnety_320_tv2_in1k,timm,regnety_320,tv2_in1k
devtimm_regnety_640_seer,timm,regnety_640,seer
devtimm_regnety_640_seer_ft_in1k,timm,regnety_640,seer_ft_in1k
devtimm_regnety_1280_seer,timm,regnety_1280,seer
devtimm_regnety_1280_seer_ft_in1k,timm,regnety_1280,seer_ft_in1k
devtimm_regnety_1280_swag_ft_in1k,timm,regnety_1280,swag_ft_in1k
devtimm_regnety_1280_swag_lc_in1k,timm,regnety_1280,swag_lc_in1k
devtimm_regnety_2560_seer_ft_in1k,timm,regnety_2560,seer_ft_in1k
devtimm_regnetz_040_ra3_in1k,timm,regnetz_040,ra3_in1k
devtimm_regnetz_040_h_ra3_in1k,timm,regnetz_040_h,ra3_in1k
devtimm_regnetz_b16_ra3_in1k,timm,regnetz_b16,ra3_in1k
devtimm_regnetz_c16_ra3_in1k,timm,regnetz_c16,ra3_in1k
devtimm_regnetz_c16_evos_ch_in1k,timm,regnetz_c16_evos,ch_in1k
devtimm_regnetz_d8_ra3_in1k,timm,regnetz_d8,ra3_in1k
devtimm_regnetz_d8_evos_ch_in1k,timm,regnetz_d8_evos,ch_in1k
devtimm_regnetz_d32_ra3_in1k,timm,regnetz_d32,ra3_in1k
devtimm_regnetz_e8_ra3_in1k,timm,regnetz_e8,ra3_in1k
devtimm_repvgg_a2_rvgg_in1k,timm,repvgg_a2,rvgg_in1k
devtimm_repvgg_b0_rvgg_in1k,timm,repvgg_b0,rvgg_in1k
devtimm_repvgg_b1_rvgg_in1k,timm,repvgg_b1,rvgg_in1k
devtimm_repvgg_b1g4_rvgg_in1k,timm,repvgg_b1g4,rvgg_in1k
devtimm_repvgg_b2_rvgg_in1k,timm,repvgg_b2,rvgg_in1k
devtimm_repvgg_b2g4_rvgg_in1k,timm,repvgg_b2g4,rvgg_in1k
devtimm_repvgg_b3_rvgg_in1k,timm,repvgg_b3,rvgg_in1k
devtimm_repvgg_b3g4_rvgg_in1k,timm,repvgg_b3g4,rvgg_in1k
devtimm_res2net50_14w_8s,timm,res2net50_14w_8s,
devtimm_res2net50_26w_4s,timm,res2net50_26w_4s,
devtimm_res2net50_26w_6s,timm,res2net50_26w_6s,
devtimm_res2net50_26w_8s,timm,res2net50_26w_8s,
devtimm_res2net50_48w_2s,timm,res2net50_48w_2s,
devtimm_res2net101_26w_4s,timm,res2net101_26w_4s,
devtimm_res2next50,timm,res2next50,
devtimm_resmlp_12_224_fb_dino,timm,resmlp_12_224,fb_dino
devtimm_resmlp_12_224_fb_distilled_in1k,timm,resmlp_12_224,fb_distilled_in1k
devtimm_resmlp_12_224_fb_in1k,timm,resmlp_12_224,fb_in1k
devtimm_resmlp_24_224_fb_dino,timm,resmlp_24_224,fb_dino
devtimm_resmlp_24_224_fb_distilled_in1k,timm,resmlp_24_224,fb_distilled_in1k
devtimm_resmlp_24_224_fb_in1k,timm,resmlp_24_224,fb_in1k
devtimm_resmlp_36_224_fb_distilled_in1k,timm,resmlp_36_224,fb_distilled_in1k
devtimm_resmlp_36_224_fb_in1k,timm,resmlp_36_224,fb_in1k
devtimm_resmlp_big_24_224_fb_distilled_in1k,timm,resmlp_big_24_224,fb_distilled_in1k
devtimm_resmlp_big_24_224_fb_in1k,timm,resmlp_big_24_224,fb_in1k
devtimm_resmlp_big_24_224_fb_in22k_ft_in1k,timm,resmlp_big_24_224,fb_in22k_ft_in1k
devtimm_resnest14d,timm,resnest14d,
devtimm_resnest26d,timm,resnest26d,
devtimm_resnest50d,timm,resnest50d,
devtimm_resnest50d_1s4x24d,timm,resnest50d_1s4x24d,
devtimm_resnest50d_4s2x40d,timm,resnest50d_4s2x40d,
devtimm_resnest101e,timm,resnest101e,
devtimm_resnest200e,timm,resnest200e,
devtimm_resnest269e,timm,resnest269e,
devtimm_resnet10t,timm,resnet10t,
devtimm_resnet14t,timm,resnet14t,
devtimm_resnet18,timm,resnet18,
devtimm_resnet18d,timm,resnet18d,
devtimm_resnet26,timm,resnet26,
devtimm_resnet26d,timm,resnet26d,
devtimm_resnet26t,timm,resnet26t,
devtimm_resnet32ts_ra2_in1k,timm,resnet32ts,ra2_in1k
devtimm_resnet33ts_ra2_in1k,timm,resnet33ts,ra2_in1k
devtimm_resnet34,timm,resnet34,
devtimm_resnet34d,timm,resnet34d,
devtimm_resnet50,timm,resnet50,
devtimm_resnet50_gn,timm,resnet50_gn,
devtimm_resnet50d,timm,resnet50d,
devtimm_resnet51q_ra2_in1k,timm,resnet51q,ra2_in1k
devtimm_resnet61q_ra2_in1k,timm,resnet61q,ra2_in1k
devtimm_resnet101,timm,resnet101,
devtimm_resnet101d,timm,resnet101d,
devtimm_resnet152,timm,resnet152,
devtimm_resnet152d,timm,resnet152d,
devtimm_resnet200d,timm,resnet200d,
devtimm_resnetaa50,timm,resnetaa50,
devtimm_resnetblur50,timm,resnetblur50,
devtimm_resnetrs50,timm,resnetrs50,
devtimm_resnetrs101,timm,resnetrs101,
devtimm_resnetrs152,timm,resnetrs152,
devtimm_resnetrs200,timm,resnetrs200,
devtimm_resnetrs270,timm,resnetrs270,
devtimm_resnetrs350,timm,resnetrs350,
devtimm_resnetrs420,timm,resnetrs420,
devtimm_resnetv2_50_a1h_in1k,timm,resnetv2_50,a1h_in1k
devtimm_resnetv2_50d_evos_ah_in1k,timm,resnetv2_50d_evos,ah_in1k
devtimm_resnetv2_50d_gn_ah_in1k,timm,resnetv2_50d_gn,ah_in1k
devtimm_resnetv2_50x1_bit_goog_distilled_in1k,timm,resnetv2_50x1_bit,goog_distilled_in1k
devtimm_resnetv2_50x1_bit_goog_in21k,timm,resnetv2_50x1_bit,goog_in21k
devtimm_resnetv2_50x1_bit_goog_in21k_ft_in1k,timm,resnetv2_50x1_bit,goog_in21k_ft_in1k
devtimm_resnetv2_50x3_bit_goog_in21k,timm,resnetv2_50x3_bit,goog_in21k
devtimm_resnetv2_50x3_bit_goog_in21k_ft_in1k,timm,resnetv2_50x3_bit,goog_in21k_ft_in1k
devtimm_resnetv2_101_a1h_in1k,timm,resnetv2_101,a1h_in1k
devtimm_resnetv2_101x1_bit_goog_in21k,timm,resnetv2_101x1_bit,goog_in21k
devtimm_resnetv2_101x1_bit_goog_in21k_ft_in1k,timm,resnetv2_101x1_bit,goog_in21k_ft_in1k
devtimm_resnetv2_101x3_bit_goog_in21k,timm,resnetv2_101x3_bit,goog_in21k
devtimm_resnetv2_101x3_bit_goog_in21k_ft_in1k,timm,resnetv2_101x3_bit,goog_in21k_ft_in1k
devtimm_resnetv2_152x2_bit_goog_in21k,timm,resnetv2_152x2_bit,goog_in21k
devtimm_resnetv2_152x2_bit_goog_in21k_ft_in1k,timm,resnetv2_152x2_bit,goog_in21k_ft_in1k
devtimm_resnetv2_152x2_bit_goog_teacher_in21k_ft_in1k,timm,resnetv2_152x2_bit,goog_teacher_in21k_ft_in1k
devtimm_resnetv2_152x2_bit_goog_teacher_in21k_ft_in1k_384,timm,resnetv2_152x2_bit,goog_teacher_in21k_ft_in1k_384
devtimm_resnetv2_152x4_bit_goog_in21k,timm,resnetv2_152x4_bit,goog_in21k
devtimm_resnetv2_152x4_bit_goog_in21k_ft_in1k,timm,resnetv2_152x4_bit,goog_in21k_ft_in1k
devtimm_resnext26ts_ra2_in1k,timm,resnext26ts,ra2_in1k
devtimm_resnext50_32x4d,timm,resnext50_32x4d,
devtimm_resnext50d_32x4d,timm,resnext50d_32x4d,
devtimm_resnext101_32x8d,timm,resnext101_32x8d,
devtimm_resnext101_64x4d,timm,resnext101_64x4d,
devtimm_rexnet_100_nav_in1k,timm,rexnet_100,nav_in1k
devtimm_rexnet_130_nav_in1k,timm,rexnet_130,nav_in1k
devtimm_rexnet_150_nav_in1k,timm,rexnet_150,nav_in1k
devtimm_rexnet_200_nav_in1k,timm,rexnet_200,nav_in1k
devtimm_rexnet_300_nav_in1k,timm,rexnet_300,nav_in1k
devtimm_rexnetr_200_sw_in12k,timm,rexnetr_200,sw_in12k
devtimm_rexnetr_200_sw_in12k_ft_in1k,timm,rexnetr_200,sw_in12k_ft_in1k
devtimm_rexnetr_300_sw_in12k,timm,rexnetr_300,sw_in12k
devtimm_rexnetr_300_sw_in12k_ft_in1k,timm,rexnetr_300,sw_in12k_ft_in1k
devtimm_sebotnet33ts_256,timm,sebotnet33ts_256,
devtimm_sehalonet33ts,timm,sehalonet33ts,
devtimm_selecsls42b,timm,selecsls42b,
devtimm_selecsls60,timm,selecsls60,
devtimm_selecsls60b,timm,selecsls60b,
devtimm_semnasnet_075_rmsp_in1k,timm,semnasnet_075,rmsp_in1k
devtimm_semnasnet_100_rmsp_in1k,timm,semnasnet_100,rmsp_in1k
devtimm_sequencer2d_l,timm,sequencer2d_l,
devtimm_sequencer2d_m,timm,sequencer2d_m,
devtimm_sequencer2d_s,timm,sequencer2d_s,
devtimm_seresnet33ts_ra2_in1k,timm,seresnet33ts,ra2_in1k
devtimm_seresnet50,timm,seresnet50,
devtimm_seresnet152d,timm,seresnet152d,
devtimm_seresnext26d_32x4d,timm,seresnext26d_32x4d,
devtimm_seresnext26t_32x4d,timm,seresnext26t_32x4d,
devtimm_seresnext26ts_ch_in1k,timm,seresnext26ts,ch_in1k
devtimm_seresnext50_32x4d,timm,seresnext50_32x4d,
devtimm_seresnext101_32x8d,timm,seresnext101_32x8d,
devtimm_seresnext101d_32x8d,timm,seresnext101d_32x8d,
devtimm_seresnextaa101d_32x8d,timm,seresnextaa101d_32x8d,
devtimm_skresnet18,timm,skresnet18,
devtimm_skresnet34,timm,skresnet34,
devtimm_skresnext50_32x4d,timm,skresnext50_32x4d,
devtimm_spnasnet_100_rmsp_in1k,timm,spnasnet_100,rmsp_in1k
devtimm_ssl_resnet18,timm,ssl_resnet18,
devtimm_ssl_resnet50,timm,ssl_resnet50,
devtimm_ssl_resnext50_32x4d,timm,ssl_resnext50_32x4d,
devtimm_ssl_resnext101_32x4d,timm,ssl_resnext101_32x4d,
devtimm_ssl_resnext101_32x8d,timm,ssl_resnext101_32x8d,
devtimm_ssl_resnext101_32x16d,timm,ssl_resnext101_32x16d,
devtimm_swin_base_patch4_window7_224_ms_in1k,timm,swin_base_patch4_window7_224,ms_in1k
devtimm_swin_base_patch4_window7_224_ms_in22k,timm,swin_base_patch4_window7_224,ms_in22k
devtimm_swin_base_patch4_window7_224_ms_in22k_ft_in1k,timm,swin_base_patch4_window7_224,ms_in22k_ft_in1k
devtimm_swin_base_patch4_window12_384_ms_in1k,timm,swin_base_patch4_window12_384,ms_in1k
devtimm_swin_base_patch4_window12_384_ms_in22k,timm,swin_base_patch4_window12_384,ms_in22k
devtimm_swin_base_patch4_window12_384_ms_in22k_ft_in1k,timm,swin_base_patch4_window12_384,ms_in22k_ft_in1k
devtimm_swin_large_patch4_window7_224_ms_in22k,timm,swin_large_patch4_window7_224,ms_in22k
devtimm_swin_large_patch4_window7_224_ms_in22k_ft_in1k,timm,swin_large_patch4_window7_224,ms_in22k_ft_in1k
devtimm_swin_large_patch4_window12_384_ms_in22k,timm,swin_large_patch4_window12_384,ms_in22k
devtimm_swin_large_patch4_window12_384_ms_in22k_ft_in1k,timm,swin_large_patch4_window12_384,ms_in22k_ft_in1k
devtimm_swin_s3_base_224_ms_in1k,timm,swin_s3_base_224,ms_in1k
devtimm_swin_s3_small_224_ms_in1k,timm,swin_s3_small_224,ms_in1k
devtimm_swin_s3_tiny_224_ms_in1k,timm,swin_s3_tiny_224,ms_in1k
devtimm_swin_small_patch4_window7_224_ms_in1k,timm,swin_small_patch4_window7_224,ms_in1k
devtimm_swin_small_patch4_window7_224_ms_in22k,timm,swin_small_patch4_window7_224,ms_in22k
devtimm_swin_small_patch4_window7_224_ms_in22k_ft_in1k,timm,swin_small_patch4_window7_224,ms_in22k_ft_in1k
devtimm_swin_tiny_patch4_window7_224_ms_in1k,timm,swin_tiny_patch4_window7_224,ms_in1k
devtimm_swin_tiny_patch4_window7_224_ms_in22k,timm,swin_tiny_patch4_window7_224,ms_in22k
devtimm_swin_tiny_patch4_window7_224_ms_in22k_ft_in1k,timm,swin_tiny_patch4_window7_224,ms_in22k_ft_in1k
devtimm_swinv2_base_window8_256_ms_in1k,timm,swinv2_base_window8_256,ms_in1k
devtimm_swinv2_base_window12_192_ms_in22k,timm,swinv2_base_window12_192,ms_in22k
devtimm_swinv2_base_window12to16_192to256_ms_in22k_ft_in1k,timm,swinv2_base_window12to16_192to256,ms_in22k_ft_in1k
devtimm_swinv2_base_window12to24_192to384_ms_in22k_ft_in1k,timm,swinv2_base_window12to24_192to384,ms_in22k_ft_in1k
devtimm_swinv2_base_window16_256_ms_in1k,timm,swinv2_base_window16_256,ms_in1k
devtimm_swinv2_cr_small_224_sw_in1k,timm,swinv2_cr_small_224,sw_in1k
devtimm_swinv2_cr_small_ns_224_sw_in1k,timm,swinv2_cr_small_ns_224,sw_in1k
devtimm_swinv2_cr_tiny_ns_224_sw_in1k,timm,swinv2_cr_tiny_ns_224,sw_in1k
devtimm_swinv2_large_window12_192_ms_in22k,timm,swinv2_large_window12_192,ms_in22k
devtimm_swinv2_large_window12to16_192to256_ms_in22k_ft_in1k,timm,swinv2_large_window12to16_192to256,ms_in22k_ft_in1k
devtimm_swinv2_large_window12to24_192to384_ms_in22k_ft_in1k,timm,swinv2_large_window12to24_192to384,ms_in22k_ft_in1k
devtimm_swinv2_small_window8_256_ms_in1k,timm,swinv2_small_window8_256,ms_in1k
devtimm_swinv2_small_window16_256_ms_in1k,timm,swinv2_small_window16_256,ms_in1k
devtimm_swinv2_tiny_window8_256_ms_in1k,timm,swinv2_tiny_window8_256,ms_in1k
devtimm_swinv2_tiny_window16_256_ms_in1k,timm,swinv2_tiny_window16_256,ms_in1k
devtimm_swsl_resnet18,timm,swsl_resnet18,
devtimm_swsl_resnet50,timm,swsl_resnet50,
devtimm_swsl_resnext50_32x4d,timm,swsl_resnext50_32x4d,
devtimm_swsl_resnext101_32x4d,timm,swsl_resnext101_32x4d,
devtimm_swsl_resnext101_32x8d,timm,swsl_resnext101_32x8d,
devtimm_swsl_resnext101_32x16d,timm,swsl_resnext101_32x16d,
devtimm_tf_efficientnet_b0_aa_in1k,timm,tf_efficientnet_b0,aa_in1k
devtimm_tf_efficientnet_b0_ap_in1k,timm,tf_efficientnet_b0,ap_in1k
devtimm_tf_efficientnet_b0_ns_jft_in1k,timm,tf_efficientnet_b0,ns_jft_in1k
devtimm_tf_efficientnet_b1_aa_in1k,timm,tf_efficientnet_b1,aa_in1k
devtimm_tf_efficientnet_b1_ap_in1k,timm,tf_efficientnet_b1,ap_in1k
devtimm_tf_efficientnet_b1_ns_jft_in1k,timm,tf_efficientnet_b1,ns_jft_in1k
devtimm_tf_efficientnet_b2_aa_in1k,timm,tf_efficientnet_b2,aa_in1k
devtimm_tf_efficientnet_b2_ap_in1k,timm,tf_efficientnet_b2,ap_in1k
devtimm_tf_efficientnet_b2_ns_jft_in1k,timm,tf_efficientnet_b2,ns_jft_in1k
devtimm_tf_efficientnet_b3_aa_in1k,timm,tf_efficientnet_b3,aa_in1k
devtimm_tf_efficientnet_b3_ap_in1k,timm,tf_efficientnet_b3,ap_in1k
devtimm_tf_efficientnet_b3_ns_jft_in1k,timm,tf_efficientnet_b3,ns_jft_in1k
devtimm_tf_efficientnet_b4_aa_in1k,timm,tf_efficientnet_b4,aa_in1k
devtimm_tf_efficientnet_b4_ap_in1k,timm,tf_efficientnet_b4,ap_in1k
devtimm_tf_efficientnet_b4_ns_jft_in1k,timm,tf_efficientnet_b4,ns_jft_in1k
devtimm_tf_efficientnet_b5_ap_in1k,timm,tf_efficientnet_b5,ap_in1k
devtimm_tf_efficientnet_b5_ns_jft_in1k,timm,tf_efficientnet_b5,ns_jft_in1k
devtimm_tf_efficientnet_b5_ra_in1k,timm,tf_efficientnet_b5,ra_in1k
devtimm_tf_efficientnet_b6_aa_in1k,timm,tf_efficientnet_b6,aa_in1k
devtimm_tf_efficientnet_b6_ap_in1k,timm,tf_efficientnet_b6,ap_in1k
devtimm_tf_efficientnet_b6_ns_jft_in1k,timm,tf_efficientnet_b6,ns_jft_in1k
devtimm_tf_efficientnet_b7_ap_in1k,timm,tf_efficientnet_b7,ap_in1k
devtimm_tf_efficientnet_b7_ns_jft_in1k,timm,tf_efficientnet_b7,ns_jft_in1k
devtimm_tf_efficientnet_b7_ra_in1k,timm,tf_efficientnet_b7,ra_in1k
devtimm_tf_efficientnet_b8_ap_in1k,timm,tf_efficientnet_b8,ap_in1k
devtimm_tf_efficientnet_b8_ra_in1k,timm,tf_efficientnet_b8,ra_in1k
devtimm_tf_efficientnet_cc_b0_4e_in1k,timm,tf_efficientnet_cc_b0_4e,in1k
devtimm_tf_efficientnet_cc_b0_8e_in1k,timm,tf_efficientnet_cc_b0_8e,in1k
devtimm_tf_efficientnet_cc_b1_8e_in1k,timm,tf_efficientnet_cc_b1_8e,in1k
devtimm_tf_efficientnet_el_in1k,timm,tf_efficientnet_el,in1k
devtimm_tf_efficientnet_em_in1k,timm,tf_efficientnet_em,in1k
devtimm_tf_efficientnet_es_in1k,timm,tf_efficientnet_es,in1k
devtimm_tf_efficientnet_l2_ns_jft_in1k,timm,tf_efficientnet_l2,ns_jft_in1k
devtimm_tf_efficientnet_l2_ns_jft_in1k_475,timm,tf_efficientnet_l2,ns_jft_in1k_475
devtimm_tf_efficientnet_lite0_in1k,timm,tf_efficientnet_lite0,in1k
devtimm_tf_efficientnet_lite1_in1k,timm,tf_efficientnet_lite1,in1k
devtimm_tf_efficientnet_lite2_in1k,timm,tf_efficientnet_lite2,in1k
devtimm_tf_efficientnet_lite3_in1k,timm,tf_efficientnet_lite3,in1k
devtimm_tf_efficientnet_lite4_in1k,timm,tf_efficientnet_lite4,in1k
devtimm_tf_efficientnetv2_b0_in1k,timm,tf_efficientnetv2_b0,in1k
devtimm_tf_efficientnetv2_b1_in1k,timm,tf_efficientnetv2_b1,in1k
devtimm_tf_efficientnetv2_b2_in1k,timm,tf_efficientnetv2_b2,in1k
devtimm_tf_efficientnetv2_b3_in1k,timm,tf_efficientnetv2_b3,in1k
devtimm_tf_efficientnetv2_b3_in21k,timm,tf_efficientnetv2_b3,in21k
devtimm_tf_efficientnetv2_b3_in21k_ft_in1k,timm,tf_efficientnetv2_b3,in21k_ft_in1k
devtimm_tf_efficientnetv2_l_in1k,timm,tf_efficientnetv2_l,in1k
devtimm_tf_efficientnetv2_l_in21k,timm,tf_efficientnetv2_l,in21k
devtimm_tf_efficientnetv2_l_in21k_ft_in1k,timm,tf_efficientnetv2_l,in21k_ft_in1k
devtimm_tf_efficientnetv2_m_in1k,timm,tf_efficientnetv2_m,in1k
devtimm_tf_efficientnetv2_m_in21k,timm,tf_efficientnetv2_m,in21k
devtimm_tf_efficientnetv2_m_in21k_ft_in1k,timm,tf_efficientnetv2_m,in21k_ft_in1k
devtimm_tf_efficientnetv2_s_in1k,timm,tf_efficientnetv2_s,in1k
devtimm_tf_efficientnetv2_s_in21k,timm,tf_efficientnetv2_s,in21k
devtimm_tf_efficientnetv2_s_in21k_ft_in1k,timm,tf_efficientnetv2_s,in21k_ft_in1k
devtimm_tf_efficientnetv2_xl_in21k,timm,tf_efficientnetv2_xl,in21k
devtimm_tf_efficientnetv2_xl_in21k_ft_in1k,timm,tf_efficientnetv2_xl,in21k_ft_in1k
devtimm_tf_inception_v3,timm,tf_inception_v3,
devtimm_tf_mixnet_l_in1k,timm,tf_mixnet_l,in1k
devtimm_tf_mixnet_m_in1k,timm,tf_mixnet_m,in1k
devtimm_tf_mixnet_s_in1k,timm,tf_mixnet_s,in1k
devtimm_tf_mobilenetv3_large_075_in1k,timm,tf_mobilenetv3_large_075,in1k
devtimm_tf_mobilenetv3_large_100_in1k,timm,tf_mobilenetv3_large_100,in1k
devtimm_tf_mobilenetv3_large_minimal_100_in1k,timm,tf_mobilenetv3_large_minimal_100,in1k
devtimm_tf_mobilenetv3_small_075_in1k,timm,tf_mobilenetv3_small_075,in1k
devtimm_tf_mobilenetv3_small_100_in1k,timm,tf_mobilenetv3_small_100,in1k
devtimm_tf_mobilenetv3_small_minimal_100_in1k,timm,tf_mobilenetv3_small_minimal_100,in1k
devtimm_tinynet_a_in1k,timm,tinynet_a,in1k
devtimm_tinynet_b_in1k,timm,tinynet_b,in1k
devtimm_tinynet_c_in1k,timm,tinynet_c,in1k
devtimm_tinynet_d_in1k,timm,tinynet_d,in1k
devtimm_tinynet_e_in1k,timm,tinynet_e,in1k
devtimm_tnt_s_patch16_224,timm,tnt_s_patch16_224,
devtimm_tresnet_l,timm,tresnet_l,
devtimm_tresnet_l_448,timm,tresnet_l_448,
devtimm_tresnet_m,timm,tresnet_m,
devtimm_tresnet_m_448,timm,tresnet_m_448,
devtimm_tresnet_m_miil_in21k,timm,tresnet_m_miil_in21k,
devtimm_tresnet_v2_l,timm,tresnet_v2_l,
devtimm_tresnet_xl,timm,tresnet_xl,
devtimm_tresnet_xl_448,timm,tresnet_xl_448,
devtimm_tv_densenet121,timm,tv_densenet121,
devtimm_tv_resnet34,timm,tv_resnet34,
devtimm_tv_resnet50,timm,tv_resnet50,
devtimm_tv_resnet101,timm,tv_resnet101,
devtimm_tv_resnet152,timm,tv_resnet152,
devtimm_tv_resnext50_32x4d,timm,tv_resnext50_32x4d,
devtimm_twins_pcpvt_base,timm,twins_pcpvt_base,
devtimm_twins_pcpvt_large,timm,twins_pcpvt_large,
devtimm_twins_pcpvt_small,timm,twins_pcpvt_small,
devtimm_twins_svt_base,timm,twins_svt_base,
devtimm_twins_svt_large,timm,twins_svt_large,
devtimm_twins_svt_small,timm,twins_svt_small,
devtimm_vgg11,timm,vgg11,
devtimm_vgg11_bn,timm,vgg11_bn,
devtimm_vgg13,timm,vgg13,
devtimm_vgg13_bn,timm,vgg13_bn,
devtimm_vgg16,timm,vgg16,
devtimm_vgg16_bn,timm,vgg16_bn,
devtimm_vgg19,timm,vgg19,
devtimm_vgg19_bn,timm,vgg19_bn,
devtimm_visformer_small,timm,visformer_small,
devtimm_vit_base_patch8_224_augreg2_in21k_ft_in1k,timm,vit_base_patch8_224,augreg2_in21k_ft_in1k
devtimm_vit_base_patch8_224_augreg_in21k,timm,vit_base_patch8_224,augreg_in21k
devtimm_vit_base_patch8_224_augreg_in21k_ft_in1k,timm,vit_base_patch8_224,augreg_in21k_ft_in1k
devtimm_vit_base_patch8_224_dino,timm,vit_base_patch8_224,dino
devtimm_vit_base_patch16_224_augreg2_in21k_ft_in1k,timm,vit_base_patch16_224,augreg2_in21k_ft_in1k
devtimm_vit_base_patch16_224_augreg_in1k,timm,vit_base_patch16_224,augreg_in1k
devtimm_vit_base_patch16_224_augreg_in21k,timm,vit_base_patch16_224,augreg_in21k
devtimm_vit_base_patch16_224_augreg_in21k_ft_in1k,timm,vit_base_patch16_224,augreg_in21k_ft_in1k
devtimm_vit_base_patch16_224_dino,timm,vit_base_patch16_224,dino
devtimm_vit_base_patch16_224_orig_in21k_ft_in1k,timm,vit_base_patch16_224,orig_in21k_ft_in1k
devtimm_vit_base_patch16_224_sam,timm,vit_base_patch16_224,sam
devtimm_vit_base_patch16_224_miil_in21k,timm,vit_base_patch16_224_miil,in21k
devtimm_vit_base_patch16_224_miil_in21k_ft_in1k,timm,vit_base_patch16_224_miil,in21k_ft_in1k
devtimm_vit_base_patch16_384_augreg_in1k,timm,vit_base_patch16_384,augreg_in1k
devtimm_vit_base_patch16_384_augreg_in21k_ft_in1k,timm,vit_base_patch16_384,augreg_in21k_ft_in1k
devtimm_vit_base_patch16_384_orig_in21k_ft_in1k,timm,vit_base_patch16_384,orig_in21k_ft_in1k
devtimm_vit_base_patch16_clip_224_laion2b_ft_in1k,timm,vit_base_patch16_clip_224,laion2b_ft_in1k
devtimm_vit_base_patch16_clip_224_laion2b_ft_in12k,timm,vit_base_patch16_clip_224,laion2b_ft_in12k
devtimm_vit_base_patch16_clip_224_laion2b_ft_in12k_in1k,timm,vit_base_patch16_clip_224,laion2b_ft_in12k_in1k
devtimm_vit_base_patch16_clip_224_openai,timm,vit_base_patch16_clip_224,openai
devtimm_vit_base_patch16_clip_224_openai_ft_in1k,timm,vit_base_patch16_clip_224,openai_ft_in1k
devtimm_vit_base_patch16_clip_224_openai_ft_in12k,timm,vit_base_patch16_clip_224,openai_ft_in12k
devtimm_vit_base_patch16_clip_224_openai_ft_in12k_in1k,timm,vit_base_patch16_clip_224,openai_ft_in12k_in1k
devtimm_vit_base_patch16_clip_384_laion2b_ft_in1k,timm,vit_base_patch16_clip_384,laion2b_ft_in1k
devtimm_vit_base_patch16_clip_384_laion2b_ft_in12k_in1k,timm,vit_base_patch16_clip_384,laion2b_ft_in12k_in1k
devtimm_vit_base_patch16_clip_384_openai_ft_in1k,timm,vit_base_patch16_clip_384,openai_ft_in1k
devtimm_vit_base_patch16_clip_384_openai_ft_in12k_in1k,timm,vit_base_patch16_clip_384,openai_ft_in12k_in1k
devtimm_vit_base_patch16_rpn_224_in1k,timm,vit_base_patch16_rpn_224,in1k
devtimm_vit_base_patch32_224_augreg_in1k,timm,vit_base_patch32_224,augreg_in1k
devtimm_vit_base_patch32_224_augreg_in21k,timm,vit_base_patch32_224,augreg_in21k
devtimm_vit_base_patch32_224_augreg_in21k_ft_in1k,timm,vit_base_patch32_224,augreg_in21k_ft_in1k
devtimm_vit_base_patch32_224_sam,timm,vit_base_patch32_224,sam
devtimm_vit_base_patch32_384_augreg_in1k,timm,vit_base_patch32_384,augreg_in1k
devtimm_vit_base_patch32_384_augreg_in21k_ft_in1k,timm,vit_base_patch32_384,augreg_in21k_ft_in1k
devtimm_vit_base_patch32_clip_224_laion2b,timm,vit_base_patch32_clip_224,laion2b
devtimm_vit_base_patch32_clip_224_laion2b_ft_in1k,timm,vit_base_patch32_clip_224,laion2b_ft_in1k
devtimm_vit_base_patch32_clip_224_laion2b_ft_in12k_in1k,timm,vit_base_patch32_clip_224,laion2b_ft_in12k_in1k
devtimm_vit_base_patch32_clip_224_openai,timm,vit_base_patch32_clip_224,openai
devtimm_vit_base_patch32_clip_224_openai_ft_in1k,timm,vit_base_patch32_clip_224,openai_ft_in1k
devtimm_vit_base_patch32_clip_384_laion2b_ft_in12k_in1k,timm,vit_base_patch32_clip_384,laion2b_ft_in12k_in1k
devtimm_vit_base_patch32_clip_384_openai_ft_in12k_in1k,timm,vit_base_patch32_clip_384,openai_ft_in12k_in1k
devtimm_vit_base_patch32_clip_448_laion2b_ft_in12k_in1k,timm,vit_base_patch32_clip_448,laion2b_ft_in12k_in1k
devtimm_vit_base_r50_s16_224_orig_in21k,timm,vit_base_r50_s16_224,orig_in21k
devtimm_vit_base_r50_s16_384_orig_in21k_ft_in1k,timm,vit_base_r50_s16_384,orig_in21k_ft_in1k
devtimm_vit_giant_patch14_clip_224_laion2b,timm,vit_giant_patch14_clip_224,laion2b
devtimm_vit_gigantic_patch14_clip_224_laion2b,timm,vit_gigantic_patch14_clip_224,laion2b
devtimm_vit_huge_patch14_224_orig_in21k,timm,vit_huge_patch14_224,orig_in21k
devtimm_vit_huge_patch14_clip_224_laion2b,timm,vit_huge_patch14_clip_224,laion2b
devtimm_vit_huge_patch14_clip_224_laion2b_ft_in1k,timm,vit_huge_patch14_clip_224,laion2b_ft_in1k
devtimm_vit_huge_patch14_clip_224_laion2b_ft_in12k,timm,vit_huge_patch14_clip_224,laion2b_ft_in12k
devtimm_vit_huge_patch14_clip_224_laion2b_ft_in12k_in1k,timm,vit_huge_patch14_clip_224,laion2b_ft_in12k_in1k
devtimm_vit_huge_patch14_clip_336_laion2b_ft_in12k_in1k,timm,vit_huge_patch14_clip_336,laion2b_ft_in12k_in1k
devtimm_vit_large_patch14_clip_224_laion2b,timm,vit_large_patch14_clip_224,laion2b
devtimm_vit_large_patch14_clip_224_laion2b_ft_in1k,timm,vit_large_patch14_clip_224,laion2b_ft_in1k
devtimm_vit_large_patch14_clip_224_laion2b_ft_in12k,timm,vit_large_patch14_clip_224,laion2b_ft_in12k
devtimm_vit_large_patch14_clip_224_laion2b_ft_in12k_in1k,timm,vit_large_patch14_clip_224,laion2b_ft_in12k_in1k
devtimm_vit_large_patch14_clip_224_openai,timm,vit_large_patch14_clip_224,openai
devtimm_vit_large_patch14_clip_224_openai_ft_in1k,timm,vit_large_patch14_clip_224,openai_ft_in1k
devtimm_vit_large_patch14_clip_224_openai_ft_in12k,timm,vit_large_patch14_clip_224,openai_ft_in12k
devtimm_vit_large_patch14_clip_224_openai_ft_in12k_in1k,timm,vit_large_patch14_clip_224,openai_ft_in12k_in1k
devtimm_vit_large_patch14_clip_336_laion2b_ft_in1k,timm,vit_large_patch14_clip_336,laion2b_ft_in1k
devtimm_vit_large_patch14_clip_336_laion2b_ft_in12k_in1k,timm,vit_large_patch14_clip_336,laion2b_ft_in12k_in1k
devtimm_vit_large_patch14_clip_336_openai_ft_in12k_in1k,timm,vit_large_patch14_clip_336,openai_ft_in12k_in1k
devtimm_vit_large_patch16_224_augreg_in21k,timm,vit_large_patch16_224,augreg_in21k
devtimm_vit_large_patch16_224_augreg_in21k_ft_in1k,timm,vit_large_patch16_224,augreg_in21k_ft_in1k
devtimm_vit_large_patch16_384_augreg_in21k_ft_in1k,timm,vit_large_patch16_384,augreg_in21k_ft_in1k
devtimm_vit_large_patch32_224_orig_in21k,timm,vit_large_patch32_224,orig_in21k
devtimm_vit_large_patch32_384_orig_in21k_ft_in1k,timm,vit_large_patch32_384,orig_in21k_ft_in1k
devtimm_vit_large_r50_s32_224_augreg_in21k,timm,vit_large_r50_s32_224,augreg_in21k
devtimm_vit_large_r50_s32_224_augreg_in21k_ft_in1k,timm,vit_large_r50_s32_224,augreg_in21k_ft_in1k
devtimm_vit_large_r50_s32_384_augreg_in21k_ft_in1k,timm,vit_large_r50_s32_384,augreg_in21k_ft_in1k
devtimm_vit_medium_patch16_gap_240_in12k,timm,vit_medium_patch16_gap_240,in12k
devtimm_vit_medium_patch16_gap_256_in12k_ft_in1k,timm,vit_medium_patch16_gap_256,in12k_ft_in1k
devtimm_vit_medium_patch16_gap_384_in12k_ft_in1k,timm,vit_medium_patch16_gap_384,in12k_ft_in1k
devtimm_vit_relpos_base_patch16_224_sw_in1k,timm,vit_relpos_base_patch16_224,sw_in1k
devtimm_vit_relpos_base_patch16_clsgap_224_sw_in1k,timm,vit_relpos_base_patch16_clsgap_224,sw_in1k
devtimm_vit_relpos_base_patch32_plus_rpn_256_sw_in1k,timm,vit_relpos_base_patch32_plus_rpn_256,sw_in1k
devtimm_vit_relpos_medium_patch16_224_sw_in1k,timm,vit_relpos_medium_patch16_224,sw_in1k
devtimm_vit_relpos_medium_patch16_cls_224_sw_in1k,timm,vit_relpos_medium_patch16_cls_224,sw_in1k
devtimm_vit_relpos_medium_patch16_rpn_224_sw_in1k,timm,vit_relpos_medium_patch16_rpn_224,sw_in1k
devtimm_vit_relpos_small_patch16_224_sw_in1k,timm,vit_relpos_small_patch16_224,sw_in1k
devtimm_vit_small_patch8_224_dino,timm,vit_small_patch8_224,dino
devtimm_vit_small_patch16_224_augreg_in1k,timm,vit_small_patch16_224,augreg_in1k
devtimm_vit_small_patch16_224_augreg_in21k,timm,vit_small_patch16_224,augreg_in21k
devtimm_vit_small_patch16_224_augreg_in21k_ft_in1k,timm,vit_small_patch16_224,augreg_in21k_ft_in1k
devtimm_vit_small_patch16_224_dino,timm,vit_small_patch16_224,dino
devtimm_vit_small_patch16_384_augreg_in1k,timm,vit_small_patch16_384,augreg_in1k
devtimm_vit_small_patch16_384_augreg_in21k_ft_in1k,timm,vit_small_patch16_384,augreg_in21k_ft_in1k
devtimm_vit_small_patch32_224_augreg_in21k,timm,vit_small_patch32_224,augreg_in21k
devtimm_vit_small_patch32_224_augreg_in21k_ft_in1k,timm,vit_small_patch32_224,augreg_in21k_ft_in1k
devtimm_vit_small_patch32_384_augreg_in21k_ft_in1k,timm,vit_small_patch32_384,augreg_in21k_ft_in1k
devtimm_vit_small_r26_s32_224_augreg_in21k,timm,vit_small_r26_s32_224,augreg_in21k
devtimm_vit_small_r26_s32_224_augreg_in21k_ft_in1k,timm,vit_small_r26_s32_224,augreg_in21k_ft_in1k
devtimm_vit_small_r26_s32_384_augreg_in21k_ft_in1k,timm,vit_small_r26_s32_384,augreg_in21k_ft_in1k
devtimm_vit_srelpos_medium_patch16_224_sw_in1k,timm,vit_srelpos_medium_patch16_224,sw_in1k
devtimm_vit_srelpos_small_patch16_224_sw_in1k,timm,vit_srelpos_small_patch16_224,sw_in1k
devtimm_vit_tiny_patch16_224_augreg_in21k,timm,vit_tiny_patch16_224,augreg_in21k
devtimm_vit_tiny_patch16_224_augreg_in21k_ft_in1k,timm,vit_tiny_patch16_224,augreg_in21k_ft_in1k
devtimm_vit_tiny_patch16_384_augreg_in21k_ft_in1k,timm,vit_tiny_patch16_384,augreg_in21k_ft_in1k
devtimm_vit_tiny_r_s16_p8_224_augreg_in21k,timm,vit_tiny_r_s16_p8_224,augreg_in21k
devtimm_vit_tiny_r_s16_p8_224_augreg_in21k_ft_in1k,timm,vit_tiny_r_s16_p8_224,augreg_in21k_ft_in1k
devtimm_vit_tiny_r_s16_p8_384_augreg_in21k_ft_in1k,timm,vit_tiny_r_s16_p8_384,augreg_in21k_ft_in1k
devtimm_volo_d1_224,timm,volo_d1_224,
devtimm_volo_d1_384,timm,volo_d1_384,
devtimm_volo_d2_224,timm,volo_d2_224,
devtimm_volo_d2_384,timm,volo_d2_384,
devtimm_volo_d3_224,timm,volo_d3_224,
devtimm_volo_d3_448,timm,volo_d3_448,
devtimm_volo_d4_224,timm,volo_d4_224,
devtimm_volo_d4_448,timm,volo_d4_448,
devtimm_volo_d5_224,timm,volo_d5_224,
devtimm_volo_d5_448,timm,volo_d5_448,
devtimm_volo_d5_512,timm,volo_d5_512,
devtimm_wide_resnet50_2,timm,wide_resnet50_2,
devtimm_wide_resnet101_2,timm,wide_resnet101_2,
devtimm_xception,timm,xception,
devtimm_xception41,timm,xception41,
devtimm_xception41p,timm,xception41p,
devtimm_xception65,timm,xception65,
devtimm_xception65p,timm,xception65p,
devtimm_xception71,timm,xception71,
devtimm_xcit_large_24_p8_224,timm,xcit_large_24_p8_224,
devtimm_xcit_large_24_p8_224_dist,timm,xcit_large_24_p8_224_dist,
devtimm_xcit_large_24_p8_384_dist,timm,xcit_large_24_p8_384_dist,
devtimm_xcit_large_24_p16_224,timm,xcit_large_24_p16_224,
devtimm_xcit_large_24_p16_224_dist,timm,xcit_large_24_p16_224_dist,
devtimm_xcit_large_24_p16_384_dist,timm,xcit_large_24_p16_384_dist,
devtimm_xcit_medium_24_p8_224,timm,xcit_medium_24_p8_224,
devtimm_xcit_medium_24_p8_224_dist,timm,xcit_medium_24_p8_224_dist,
devtimm_xcit_medium_24_p8_384_dist,timm,xcit_medium_24_p8_384_dist,
devtimm_xcit_medium_24_p16_224,timm,xcit_medium_24_p16_224,
devtimm_xcit_medium_24_p16_224_dist,timm,xcit_medium_24_p16_224_dist,
devtimm_xcit_medium_24_p16_384_dist,timm,xcit_medium_24_p16_384_dist,
devtimm_xcit_nano_12_p8_224,timm,xcit_nano_12_p8_224,
devtimm_xcit_nano_12_p8_224_dist,timm,xcit_nano_12_p8_224_dist,
devtimm_xcit_nano_12_p8_384_dist,timm,xcit_nano_12_p8_384_dist,
devtimm_xcit_nano_12_p16_224,timm,xcit_nano_12_p16_224,
devtimm_xcit_nano_12_p16_224_dist,timm,xcit_nano_12_p16_224_dist,
devtimm_xcit_nano_12_p16_384_dist,timm,xcit_nano_12_p16_384_dist,
devtimm_xcit_small_12_p8_224,timm,xcit_small_12_p8_224,
devtimm_xcit_small_12_p8_224_dist,timm,xcit_small_12_p8_224_dist,
devtimm_xcit_small_12_p8_384_dist,timm,xcit_small_12_p8_384_dist,
devtimm_xcit_small_12_p16_224,timm,xcit_small_12_p16_224,
devtimm_xcit_small_12_p16_224_dist,timm,xcit_small_12_p16_224_dist,
devtimm_xcit_small_12_p16_384_dist,timm,xcit_small_12_p16_384_dist,
devtimm_xcit_small_24_p8_224,timm,xcit_small_24_p8_224,
devtimm_xcit_small_24_p8_224_dist,timm,xcit_small_24_p8_224_dist,
devtimm_xcit_small_24_p8_384_dist,timm,xcit_small_24_p8_384_dist,
devtimm_xcit_small_24_p16_224,timm,xcit_small_24_p16_224,
devtimm_xcit_small_24_p16_224_dist,timm,xcit_small_24_p16_224_dist,
devtimm_xcit_small_24_p16_384_dist,timm,xcit_small_24_p16_384_dist,
devtimm_xcit_tiny_12_p8_224,timm,xcit_tiny_12_p8_224,
devtimm_xcit_tiny_12_p8_224_dist,timm,xcit_tiny_12_p8_224_dist,
devtimm_xcit_tiny_12_p8_384_dist,timm,xcit_tiny_12_p8_384_dist,
devtimm_xcit_tiny_12_p16_224,timm,xcit_tiny_12_p16_224,
devtimm_xcit_tiny_12_p16_224_dist,timm,xcit_tiny_12_p16_224_dist,
devtimm_xcit_tiny_12_p16_384_dist,timm,xcit_tiny_12_p16_384_dist,
devtimm_xcit_tiny_24_p8_224,timm,xcit_tiny_24_p8_224,
devtimm_xcit_tiny_24_p8_224_dist,timm,xcit_tiny_24_p8_224_dist,
devtimm_xcit_tiny_24_p8_384_dist,timm,xcit_tiny_24_p8_384_dist,
devtimm_xcit_tiny_24_p16_224,timm,xcit_tiny_24_p16_224,
devtimm_xcit_tiny_24_p16_224_dist,timm,xcit_tiny_24_p16_224_dist,
devtimm_xcit_tiny_24_p16_384_dist,timm,xcit_tiny_24_p16_384_dist,
